161,46,68,1
161,102,68,0
161,46,124,0
161,102,124,0
161,158,124,0
161,214,124,0
161,46,180,0
161,102,180,1
161,158,180,0
161,214,180,0
161,270,180,0
161,326,180,0
161,46,236,0
161,102,236,0
161,158,236,0
161,214,236,0
161,270,236,0
161,326,236,0
162,46,124,0
162,102,124,0
162,158,124,0
162,214,124,0
162,270,124,0
162,326,124,0
162,46,180,0
162,102,180,1
162,158,180,0
162,214,180,0
162,270,180,0
162,326,180,0
162,46,236,0
162,102,236,0
162,158,236,0
162,214,236,0
162,270,236,0
162,326,236,0
163,46,124,0
163,102,124,0
163,158,124,0
163,214,124,0
163,270,124,0
163,326,124,0
163,46,180,0
163,102,180,0
163,158,180,0
163,214,180,0
163,270,180,0
163,326,180,0
163,46,236,0
163,102,236,0
163,158,236,0
163,214,236,0
163,270,236,0
163,326,236,0
164,46,124,0
164,102,124,0
164,158,124,0
164,214,124,0
164,270,124,0
164,326,124,0
164,46,180,0
164,102,180,0
164,158,180,1
164,214,180,0
164,270,180,0
164,326,180,0
164,46,236,0
164,102,236,0
164,158,236,0
164,214,236,0
164,270,236,0
164,326,236,0
165,46,68,1
165,102,68,0
165,46,124,0
165,102,124,0
165,158,124,0
165,214,124,0
165,270,124,0
165,326,124,0
165,46,180,0
165,102,180,0
165,158,180,0
165,214,180,1
165,270,180,1
165,326,180,0
165,46,236,0
165,102,236,0
165,158,236,0
165,214,236,0
165,270,236,0
165,326,236,0
166,46,124,0
166,102,124,0
166,158,124,0
166,214,124,0
166,270,124,0
166,326,124,0
166,46,180,0
166,102,180,0
166,158,180,1
166,214,180,0
166,270,180,0
166,326,180,0
166,46,236,0
166,102,236,0
166,158,236,0
166,214,236,0
166,270,236,0
166,326,236,0
167,46,68,1
167,102,68,0
167,46,124,0
167,102,124,0
167,158,124,0
167,214,124,0
167,270,124,0
167,326,124,0
167,46,180,0
167,102,180,0
167,158,180,1
167,214,180,0
167,270,180,0
167,326,180,0
167,102,236,0
167,158,236,0
167,214,236,0
167,270,236,0
167,326,236,0
168,46,68,1
168,102,68,0
168,46,124,0
168,102,124,0
168,158,124,0
168,214,124,0
168,270,124,0
168,326,124,0
168,46,180,0
168,102,180,0
168,158,180,1
168,214,180,0
168,270,180,0
168,326,180,0
168,102,236,0
168,158,236,0
168,214,236,0
168,270,236,0
168,326,236,0
169,46,68,1
169,102,68,0
169,46,124,0
169,102,124,0
169,158,124,0
169,214,124,0
169,270,124,0
169,326,124,0
169,46,180,0
169,102,180,0
169,158,180,1
169,214,180,0
169,270,180,1
169,326,180,0
169,46,236,0
169,102,236,0
169,158,236,0
169,214,236,0
169,270,236,0
169,326,236,0
170,46,68,1
170,102,68,0
170,46,124,0
170,102,124,0
170,158,124,0
170,214,124,0
170,270,124,0
170,326,124,0
170,46,180,0
170,102,180,0
170,158,180,1
170,214,180,1
170,270,180,0
170,326,180,0
170,46,236,0
170,102,236,0
170,158,236,0
170,214,236,0
170,270,236,0
170,326,236,0
171,46,68,1
171,102,68,0
171,46,124,0
171,102,124,0
171,158,124,0
171,214,124,0
171,270,124,0
171,326,124,0
171,46,180,0
171,102,180,0
171,158,180,1
171,214,180,1
171,270,180,0
171,326,180,0
171,46,236,0
171,102,236,0
171,158,236,0
171,214,236,0
171,270,236,0
171,326,236,0
172,46,124,0
172,102,124,0
172,158,124,0
172,214,124,0
172,270,124,0
172,326,124,0
172,46,180,0
172,102,180,0
172,158,180,0
172,214,180,0
172,270,180,0
172,326,180,0
172,46,236,0
172,102,236,0
172,158,236,0
172,214,236,0
172,270,236,0
172,326,236,0
173,46,68,1
173,102,68,0
173,46,124,0
173,102,124,0
173,158,124,0
173,214,124,0
173,270,124,0
173,326,124,0
173,382,124,0
173,46,180,0
173,102,180,0
173,158,180,0
173,214,180,0
173,270,180,0
173,326,180,0
173,382,180,0
173,46,236,0
173,102,236,0
173,158,236,0
173,214,236,0
173,270,236,0
173,326,236,0
174,46,68,1
174,102,68,0
174,46,124,0
174,102,124,0
174,158,124,0
174,214,124,0
174,270,124,0
174,326,124,0
174,382,124,0
174,46,180,0
174,102,180,0
174,158,180,0
174,214,180,0
174,270,180,0
174,326,180,0
174,382,180,0
174,46,236,0
174,102,236,0
174,158,236,0
174,214,236,0
174,270,236,0
174,326,236,0
174,382,236,0
175,46,68,1
175,102,68,0
175,46,124,0
175,102,124,0
175,158,124,0
175,214,124,0
175,270,124,0
175,326,124,0
175,382,124,0
175,46,180,0
175,102,180,0
175,158,180,0
175,214,180,0
175,270,180,0
175,326,180,0
175,382,180,0
175,46,236,0
175,102,236,0
175,158,236,0
175,214,236,0
175,270,236,0
175,326,236,0
175,382,236,0
176,46,68,1
176,102,68,0
176,46,124,0
176,102,124,0
176,158,124,0
176,214,124,0
176,270,124,0
176,326,124,0
176,382,124,0
176,46,180,0
176,102,180,0
176,158,180,0
176,214,180,0
176,270,180,0
176,326,180,0
176,382,180,0
176,46,236,0
176,102,236,0
176,158,236,0
176,214,236,0
176,270,236,0
176,326,236,0
176,382,236,0
177,46,68,1
177,102,68,0
177,46,124,0
177,102,124,0
177,158,124,0
177,214,124,0
177,270,124,0
177,326,124,0
177,382,124,0
177,102,180,0
177,158,180,0
177,214,180,0
177,270,180,0
177,326,180,0
177,382,180,0
177,102,236,0
177,158,236,0
177,214,236,0
177,270,236,0
177,326,236,0
178,102,124,0
178,158,124,0
178,214,124,0
178,270,124,0
178,326,124,0
178,382,124,0
178,102,180,0
178,158,180,0
178,214,180,0
178,270,180,0
178,326,180,0
178,382,180,0
178,102,236,0
178,158,236,0
178,270,236,0
178,326,236,0
179,46,68,1
179,102,68,0
179,46,124,0
179,102,124,0
179,158,124,0
179,214,124,0
179,270,124,0
179,326,124,0
179,382,124,0
179,102,180,0
179,158,180,0
179,214,180,0
179,270,180,0
179,326,180,0
179,382,180,0
179,102,236,0
179,158,236,0
179,270,236,0
179,326,236,0
180,46,68,1
180,102,68,0
180,46,124,0
180,102,124,0
180,158,124,0
180,214,124,0
180,270,124,0
180,326,124,0
180,382,124,0
180,102,180,0
180,158,180,0
180,214,180,0
180,270,180,0
180,326,180,0
180,382,180,0
180,102,236,0
180,158,236,0
180,270,236,0
180,326,236,0
181,46,68,1
181,102,68,0
181,46,124,0
181,102,124,0
181,158,124,0
181,214,124,0
181,270,124,0
181,326,124,0
181,382,124,0
181,102,180,0
181,158,180,0
181,214,180,0
181,270,180,0
181,326,180,0
181,382,180,0
182,46,68,1
182,102,68,0
182,46,124,0
182,102,124,0
182,158,124,0
182,214,124,0
182,270,124,0
182,326,124,0
182,382,124,0
182,102,180,0
182,158,180,0
182,214,180,0
182,270,180,0
182,326,180,0
182,382,180,0
183,46,68,1
183,102,68,0
183,46,124,1
183,102,124,0
183,158,124,0
183,214,124,0
183,270,124,0
183,326,124,0
183,382,124,0
183,102,180,0
183,158,180,0
183,214,180,0
183,270,180,0
183,326,180,0
183,382,180,0
184,46,68,1
184,102,68,0
184,46,124,0
184,102,124,0
184,158,124,0
184,214,124,0
184,270,124,0
184,326,124,0
184,382,124,0
184,102,180,0
184,158,180,0
184,214,180,0
184,270,180,0
184,326,180,0
184,382,180,0
185,46,68,1
185,102,68,0
185,270,68,0
185,326,68,0
185,382,68,0
185,46,124,1
185,102,124,0
185,158,124,0
185,214,124,0
185,270,124,0
185,326,124,0
185,382,124,0
185,102,180,0
185,158,180,0
185,214,180,0
185,270,180,0
185,326,180,0
185,382,180,0
186,46,68,1
186,102,68,0
186,158,68,0
186,214,68,0
186,270,68,0
186,326,68,0
186,382,68,0
186,46,124,1
186,102,124,0
186,158,124,0
186,214,124,0
186,270,124,0
186,326,124,0
186,382,124,0
186,158,180,0
186,214,180,0
186,270,180,0
186,326,180,0
186,382,180,0
187,46,68,1
187,102,68,0
187,270,68,0
187,326,68,0
187,382,68,0
187,46,124,1
187,102,124,0
187,158,124,0
187,214,124,0
187,270,124,0
187,326,124,0
187,382,124,0
187,158,180,0
187,214,180,0
187,270,180,0
187,326,180,0
187,382,180,0
188,46,68,1
188,102,68,0
188,158,68,0
188,214,68,0
188,270,68,0
188,326,68,0
188,382,68,0
188,46,124,0
188,102,124,0
188,158,124,0
188,214,124,0
188,270,124,0
188,326,124,0
188,382,124,0
188,158,180,0
188,214,180,0
188,270,180,0
188,326,180,0
188,382,180,0
189,46,68,1
189,102,68,0
189,158,68,0
189,214,68,0
189,270,68,0
189,326,68,0
189,382,68,0
189,46,124,0
189,102,124,0
189,158,124,0
189,214,124,0
189,270,124,0
189,326,124,0
189,382,124,0
189,158,180,0
189,214,180,0
189,270,180,0
189,326,180,0
189,382,180,0
190,46,68,1
190,102,68,0
190,158,68,0
190,214,68,0
190,270,68,0
190,326,68,0
190,382,68,0
190,46,124,0
190,102,124,0
190,158,124,0
190,214,124,0
190,270,124,0
190,326,124,0
190,382,124,0
190,158,180,0
190,214,180,0
190,270,180,0
190,326,180,0
190,382,180,0
191,46,68,1
191,102,68,0
191,158,68,0
191,214,68,0
191,270,68,0
191,326,68,0
191,382,68,0
191,46,124,0
191,102,124,0
191,158,124,0
191,214,124,0
191,270,124,0
191,326,124,0
191,382,124,0
191,158,180,0
191,214,180,0
191,270,180,0
191,326,180,0
191,382,180,0
192,46,68,1
192,102,68,0
192,158,68,0
192,214,68,0
192,270,68,0
192,326,68,0
192,382,68,0
192,46,124,0
192,102,124,0
192,158,124,0
192,214,124,0
192,270,124,0
192,326,124,0
192,382,124,0
192,158,180,0
192,214,180,0
192,270,180,0
192,326,180,0
192,382,180,0
193,46,68,1
193,102,68,0
193,158,68,0
193,214,68,0
193,270,68,0
193,326,68,0
193,382,68,0
193,46,124,0
193,102,124,0
193,158,124,0
193,214,124,0
193,270,124,0
193,326,124,0
193,382,124,0
193,158,180,0
193,214,180,0
193,270,180,0
193,326,180,0
193,382,180,0
194,46,68,1
194,102,68,0
194,158,68,0
194,214,68,0
194,270,68,0
194,326,68,0
194,382,68,0
194,46,124,0
194,102,124,0
194,158,124,0
194,214,124,0
194,270,124,0
194,326,124,0
194,382,124,0
194,158,180,0
194,214,180,0
194,270,180,0
194,326,180,0
194,382,180,0
195,46,68,1
195,102,68,0
195,158,68,0
195,214,68,0
195,270,68,0
195,326,68,0
195,382,68,0
195,46,124,0
195,102,124,0
195,158,124,0
195,214,124,0
195,270,124,0
195,326,124,0
195,382,124,0
195,158,180,0
195,214,180,0
195,270,180,0
195,326,180,0
195,382,180,0
196,46,68,1
196,102,68,0
196,158,68,0
196,214,68,0
196,270,68,0
196,326,68,0
196,382,68,0
196,46,124,0
196,102,124,0
196,158,124,0
196,214,124,0
196,270,124,0
196,326,124,0
196,382,124,0
196,158,180,0
196,214,180,0
196,270,180,0
196,326,180,0
196,382,180,0
197,46,68,1
197,102,68,0
197,158,68,0
197,214,68,0
197,270,68,0
197,326,68,0
197,382,68,0
197,46,124,0
197,102,124,0
197,158,124,0
197,214,124,0
197,270,124,0
197,326,124,0
197,382,124,0
197,158,180,0
197,214,180,0
197,270,180,0
197,326,180,0
197,382,180,0
198,102,68,0
198,158,68,0
198,214,68,0
198,270,68,0
198,326,68,0
198,382,68,0
198,102,124,0
198,158,124,0
198,214,124,0
198,270,124,0
198,326,124,0
198,382,124,0
198,158,180,0
198,214,180,0
198,270,180,0
198,326,180,0
198,382,180,0
199,102,68,0
199,158,68,0
199,214,68,0
199,270,68,0
199,326,68,0
199,382,68,0
199,102,124,0
199,158,124,0
199,214,124,0
199,270,124,0
199,326,124,0
199,382,124,0
199,158,180,0
199,214,180,0
199,270,180,0
199,326,180,0
199,382,180,0
200,102,68,0
200,158,68,0
200,214,68,0
200,270,68,0
200,326,68,0
200,382,68,0
200,102,124,0
200,158,124,0
200,214,124,0
200,270,124,0
200,326,124,0
200,382,124,0
200,158,180,0
200,214,180,0
200,270,180,0
200,326,180,0
200,382,180,0
201,46,68,0
201,102,68,0
201,158,68,0
201,214,68,0
201,270,68,0
201,326,68,0
201,382,68,0
201,46,124,0
201,102,124,0
201,158,124,0
201,214,124,0
201,270,124,0
201,326,124,0
201,382,124,0
201,158,180,0
201,214,180,0
201,270,180,0
201,326,180,0
201,382,180,0
202,102,68,0
202,158,68,0
202,214,68,0
202,270,68,0
202,326,68,0
202,382,68,0
202,102,124,0
202,158,124,0
202,214,124,0
202,270,124,0
202,326,124,0
202,382,124,0
202,214,180,0
202,270,180,0
202,326,180,0
202,382,180,0
203,102,68,0
203,158,68,0
203,214,68,0
203,270,68,0
203,326,68,0
203,382,68,0
203,102,124,0
203,158,124,0
203,214,124,0
203,270,124,0
203,326,124,0
203,382,124,0
203,214,180,0
203,270,180,0
203,326,180,0
203,382,180,0
204,102,68,0
204,158,68,0
204,214,68,0
204,270,68,0
204,326,68,0
204,382,68,0
204,102,124,0
204,158,124,0
204,214,124,0
204,270,124,0
204,326,124,0
204,382,124,0
204,214,180,0
204,270,180,0
204,326,180,0
204,382,180,0
205,102,68,0
205,158,68,0
205,214,68,0
205,270,68,0
205,326,68,0
205,382,68,0
205,102,124,0
205,158,124,0
205,214,124,0
205,270,124,0
205,326,124,0
205,382,124,0
205,214,180,0
205,270,180,0
205,326,180,0
205,382,180,0
206,102,68,0
206,158,68,0
206,214,68,0
206,270,68,0
206,326,68,0
206,382,68,0
206,102,124,0
206,158,124,0
206,214,124,0
206,270,124,0
206,326,124,0
206,382,124,0
206,214,180,0
206,270,180,0
206,326,180,0
206,382,180,0
207,102,68,0
207,158,68,0
207,214,68,0
207,270,68,0
207,326,68,0
207,382,68,0
207,102,124,0
207,158,124,0
207,214,124,0
207,270,124,0
207,326,124,0
207,382,124,0
207,214,180,0
207,270,180,0
207,326,180,0
207,382,180,0
208,102,68,0
208,158,68,0
208,214,68,0
208,270,68,0
208,102,124,0
208,158,124,0
208,214,124,0
208,270,124,0
208,214,180,0
208,270,180,0
209,102,68,0
209,158,68,0
209,214,68,0
209,270,68,0
209,326,68,0
209,382,68,0
209,102,124,0
209,158,124,0
209,214,124,0
209,270,124,0
209,326,124,0
209,382,124,0
209,214,180,0
209,270,180,0
209,326,180,0
209,382,180,0
210,102,68,0
210,158,68,0
210,214,68,0
210,270,68,0
210,326,68,0
210,382,68,0
210,102,124,0
210,158,124,0
210,214,124,0
210,270,124,0
210,326,124,0
210,382,124,0
210,214,180,0
210,270,180,0
211,102,68,0
211,158,68,0
211,214,68,0
211,270,68,0
211,102,124,0
211,158,124,0
211,214,124,0
211,270,124,0
211,214,180,0
211,270,180,0
212,102,68,0
212,158,68,0
212,214,68,0
212,270,68,0
212,326,68,0
212,382,68,0
212,102,124,0
212,158,124,0
212,214,124,0
212,270,124,0
212,326,124,0
212,382,124,0
212,214,180,0
212,270,180,0
213,102,68,0
213,158,68,0
213,214,68,0
213,270,68,0
213,326,68,0
213,382,68,0
213,102,124,0
213,158,124,0
213,214,124,0
213,270,124,0
213,326,124,0
213,382,124,0
213,214,180,0
213,270,180,0
214,102,68,0
214,158,68,0
214,214,68,0
214,270,68,0
214,102,124,0
214,158,124,0
214,214,124,0
214,270,124,0
214,214,180,0
214,270,180,0
215,102,68,0
215,158,68,0
215,214,68,0
215,270,68,0
215,326,68,0
215,382,68,0
215,102,124,0
215,158,124,0
215,214,124,0
215,270,124,0
215,326,124,0
215,382,124,0
215,46,180,0
215,214,180,0
215,270,180,0
215,46,236,0
216,102,68,0
216,158,68,0
216,214,68,0
216,270,68,0
216,102,124,0
216,158,124,0
216,214,124,0
216,270,124,0
216,46,180,0
216,214,180,0
216,270,180,0
216,46,236,0
217,102,68,0
217,158,68,0
217,214,68,0
217,270,68,0
217,326,68,0
217,382,68,0
217,46,124,0
217,102,124,0
217,158,124,0
217,214,124,0
217,270,124,0
217,326,124,0
217,382,124,0
217,46,180,0
217,102,180,0
217,158,180,0
217,214,180,0
217,270,180,0
217,326,180,0
217,382,180,0
217,46,236,0
218,46,68,0
218,102,68,0
218,158,68,0
218,214,68,0
218,270,68,0
218,326,68,0
218,382,68,0
218,46,124,0
218,102,124,0
218,158,124,1
218,214,124,0
218,270,124,0
218,326,124,0
218,382,124,0
218,46,180,0
218,102,180,0
218,158,180,0
218,214,180,0
218,270,180,0
218,326,180,0
218,46,236,0
218,102,236,0
219,46,68,0
219,102,68,0
219,158,68,0
219,214,68,0
219,270,68,0
219,326,68,0
219,382,68,0
219,46,124,0
219,102,124,0
219,158,124,0
219,214,124,0
219,270,124,0
219,326,124,0
219,382,124,0
219,46,180,0
219,102,180,0
219,214,180,0
219,270,180,0
219,46,236,0
219,102,236,0
220,46,68,0
220,102,68,0
220,158,68,0
220,214,68,0
220,270,68,0
220,326,68,0
220,382,68,0
220,46,124,0
220,102,124,0
220,158,124,0
220,214,124,0
220,270,124,0
220,326,124,0
220,382,124,0
220,46,180,0
220,102,180,0
220,214,180,0
220,270,180,0
220,46,236,0
220,102,236,0
221,102,68,0
221,158,68,0
221,214,68,0
221,270,68,0
221,326,68,0
221,382,68,0
221,46,124,0
221,102,124,0
221,158,124,0
221,214,124,0
221,270,124,0
221,326,124,0
221,382,124,0
221,46,180,0
221,102,180,0
221,158,180,0
221,214,180,0
221,270,180,0
221,326,180,0
221,382,180,0
221,46,236,0
221,102,236,0
222,46,68,0
222,102,68,0
222,158,68,0
222,214,68,0
222,270,68,0
222,326,68,0
222,382,68,0
222,46,124,0
222,102,124,0
222,158,124,1
222,214,124,0
222,270,124,0
222,326,124,0
222,382,124,0
222,46,180,0
222,102,180,0
222,158,180,0
222,214,180,0
222,270,180,0
222,326,180,0
222,46,236,0
222,102,236,0
223,214,68,0
223,270,68,0
223,46,124,0
223,102,124,0
223,214,124,0
223,270,124,0
223,46,180,0
223,102,180,0
223,214,180,0
223,270,180,0
223,46,236,0
223,102,236,0
224,46,68,0
224,158,68,0
224,214,68,0
224,270,68,0
224,326,68,0
224,382,68,0
224,46,124,0
224,102,124,0
224,158,124,1
224,214,124,0
224,270,124,0
224,326,124,0
224,382,124,0
224,46,180,0
224,102,180,0
224,214,180,0
224,270,180,0
224,326,180,0
224,46,236,0
224,102,236,0
225,46,68,0
225,158,68,0
225,214,68,0
225,270,68,0
225,326,68,0
225,382,68,0
225,46,124,0
225,102,124,0
225,158,124,0
225,214,124,0
225,270,124,0
225,326,124,0
225,382,124,0
225,46,180,0
225,102,180,0
225,214,180,0
225,270,180,0
225,326,180,0
225,46,236,0
225,102,236,0
226,46,68,0
226,158,68,0
226,214,68,0
226,270,68,0
226,326,68,0
226,46,124,0
226,102,124,0
226,158,124,1
226,214,124,0
226,270,124,0
226,326,124,0
226,46,180,0
226,102,180,0
226,46,236,0
226,102,236,0
227,46,68,0
227,158,68,0
227,214,68,0
227,270,68,0
227,326,68,0
227,382,68,0
227,46,124,0
227,102,124,0
227,158,124,1
227,214,124,0
227,270,124,0
227,326,124,0
227,382,124,0
227,46,180,0
227,102,180,0
227,214,180,0
227,270,180,0
227,326,180,0
227,46,236,0
227,102,236,0
228,46,68,0
228,102,68,0
228,158,68,0
228,214,68,0
228,270,68,0
228,326,68,0
228,382,68,0
228,46,124,0
228,102,124,0
228,158,124,1
228,214,124,0
228,270,124,0
228,326,124,0
228,382,124,0
228,46,180,0
228,102,180,0
228,214,180,0
228,270,180,0
228,326,180,0
228,46,236,0
228,102,236,0
229,214,68,0
229,270,68,0
229,326,68,0
229,46,124,1
229,102,124,0
229,214,124,0
229,270,124,0
229,326,124,0
229,46,180,1
229,102,180,0
229,46,236,0
229,102,236,0
230,46,68,0
230,102,68,0
230,158,68,0
230,214,68,0
230,270,68,0
230,326,68,0
230,382,68,0
230,46,124,1
230,102,124,0
230,158,124,1
230,214,124,0
230,270,124,0
230,326,124,0
230,382,124,0
230,46,180,0
230,102,180,0
230,270,180,0
230,326,180,0
230,46,236,0
230,102,236,0
231,46,68,1
231,102,68,0
231,158,68,0
231,214,68,0
231,270,68,0
231,326,68,0
231,382,68,0
231,46,124,1
231,102,124,0
231,158,124,1
231,214,124,0
231,270,124,0
231,326,124,0
231,382,124,0
231,46,180,1
231,102,180,0
231,46,236,0
231,102,236,0
232,46,68,1
232,102,68,0
232,158,68,0
232,214,68,0
232,270,68,0
232,326,68,0
232,46,124,1
232,102,124,0
232,158,124,1
232,214,124,0
232,270,124,0
232,326,124,0
232,46,180,1
232,102,180,0
232,46,236,0
232,102,236,0
233,46,68,1
233,102,68,0
233,158,68,0
233,214,68,0
233,270,68,0
233,326,68,0
233,382,68,0
233,46,124,1
233,102,124,1
233,158,124,1
233,214,124,0
233,270,124,0
233,326,124,0
233,382,124,0
233,46,180,1
233,102,180,0
233,158,180,0
233,270,180,0
233,326,180,0
233,46,236,0
233,102,236,0
234,46,68,1
234,102,68,0
234,158,68,0
234,214,68,0
234,270,68,0
234,326,68,0
234,382,68,0
234,46,124,1
234,102,124,0
234,158,124,1
234,214,124,0
234,270,124,0
234,326,124,0
234,382,124,0
234,46,180,1
234,102,180,0
234,158,180,0
234,270,180,0
234,326,180,0
234,46,236,0
234,102,236,0
235,46,68,1
235,102,68,0
235,158,68,0
235,214,68,0
235,270,68,0
235,326,68,0
235,382,68,0
235,46,124,1
235,102,124,1
235,158,124,0
235,214,124,0
235,270,124,0
235,326,124,0
235,382,124,0
235,46,180,1
235,102,180,0
235,158,180,0
235,46,236,0
235,102,236,0
236,46,68,1
236,102,68,0
236,158,68,0
236,214,68,0
236,270,68,0
236,326,68,0
236,382,68,0
236,46,124,1
236,102,124,0
236,158,124,1
236,214,124,0
236,270,124,0
236,326,124,0
236,382,124,0
236,46,180,1
236,102,180,0
236,158,180,0
236,46,236,0
236,102,236,0
237,46,68,1
237,102,68,0
237,214,68,0
237,270,68,0
237,326,68,0
237,46,124,1
237,102,124,0
237,158,124,1
237,214,124,0
237,270,124,0
237,326,124,0
237,46,180,1
237,102,180,0
237,158,180,0
237,46,236,0
237,102,236,0
238,46,68,1
238,102,68,0
238,214,68,0
238,270,68,0
238,326,68,0
238,46,124,1
238,102,124,0
238,158,124,1
238,214,124,0
238,270,124,0
238,326,124,0
238,46,180,1
238,102,180,0
238,158,180,0
238,46,236,0
238,102,236,0
239,46,68,1
239,102,68,0
239,214,68,0
239,270,68,0
239,326,68,0
239,46,124,1
239,102,124,0
239,158,124,0
239,214,124,0
239,270,124,0
239,326,124,0
239,46,180,1
239,102,180,0
239,158,180,0
239,46,236,0
239,102,236,0
240,46,68,1
240,102,68,0
240,214,68,0
240,270,68,0
240,326,68,0
240,46,124,1
240,102,124,0
240,158,124,0
240,214,124,0
240,270,124,0
240,326,124,0
240,46,180,1
240,102,180,0
240,158,180,0
240,46,236,0
240,102,236,0
241,46,68,1
241,102,68,0
241,214,68,0
241,270,68,0
241,326,68,0
241,46,124,1
241,102,124,0
241,158,124,0
241,214,124,0
241,270,124,0
241,326,124,0
241,46,180,1
241,102,180,0
241,158,180,0
241,46,236,0
241,102,236,0
242,46,68,1
242,102,68,0
242,214,68,0
242,270,68,0
242,326,68,0
242,46,124,1
242,102,124,0
242,158,124,0
242,214,124,0
242,270,124,0
242,326,124,0
242,46,180,1
242,102,180,0
242,158,180,0
242,46,236,0
242,102,236,0
243,46,68,1
243,102,68,0
243,214,68,0
243,270,68,0
243,326,68,0
243,46,124,1
243,102,124,0
243,158,124,0
243,214,124,0
243,270,124,0
243,326,124,0
243,46,180,1
243,102,180,0
243,158,180,0
243,46,236,0
243,102,236,0
244,46,68,1
244,102,68,0
244,214,68,0
244,270,68,0
244,326,68,0
244,46,124,1
244,102,124,1
244,158,124,0
244,214,124,0
244,270,124,0
244,326,124,0
244,46,180,1
244,102,180,0
244,158,180,0
244,46,236,0
244,102,236,0
245,46,68,1
245,102,68,0
245,158,68,0
245,214,68,0
245,270,68,0
245,326,68,0
245,46,124,1
245,102,124,0
245,158,124,0
245,214,124,0
245,270,124,0
245,326,124,0
245,46,180,1
245,102,180,0
245,158,180,0
245,46,236,0
245,102,236,0
246,46,68,1
246,102,68,0
246,158,68,0
246,214,68,0
246,270,68,0
246,326,68,0
246,46,124,1
246,102,124,0
246,158,124,0
246,214,124,0
246,270,124,0
246,326,124,0
246,46,180,1
246,102,180,0
246,158,180,0
246,46,236,0
246,102,236,0
247,46,68,1
247,102,68,0
247,214,68,0
247,270,68,0
247,326,68,0
247,46,124,1
247,102,124,1
247,158,124,0
247,214,124,0
247,270,124,0
247,326,124,0
247,46,180,1
247,102,180,0
247,158,180,0
247,46,236,0
247,102,236,0
248,46,68,1
248,102,68,0
248,158,68,0
248,214,68,0
248,270,68,0
248,326,68,0
248,382,68,0
248,46,124,1
248,102,124,0
248,158,124,0
248,214,124,0
248,270,124,0
248,326,124,0
248,382,124,0
248,46,180,1
248,102,180,0
248,158,180,0
248,46,236,0
248,102,236,0
249,46,68,1
249,102,68,0
249,158,68,0
249,214,68,0
249,270,68,0
249,326,68,0
249,46,124,1
249,102,124,0
249,158,124,0
249,214,124,0
249,270,124,0
249,326,124,0
249,46,180,1
249,102,180,0
249,158,180,0
249,46,236,0
249,102,236,0
250,46,68,1
250,102,68,0
250,158,68,0
250,214,68,0
250,270,68,0
250,326,68,0
250,46,124,1
250,102,124,1
250,158,124,0
250,214,124,0
250,270,124,0
250,326,124,0
250,46,180,1
250,102,180,0
250,158,180,0
250,46,236,0
250,102,236,0
251,46,68,1
251,102,68,0
251,158,68,0
251,214,68,0
251,270,68,0
251,326,68,0
251,46,124,1
251,102,124,0
251,158,124,0
251,214,124,0
251,270,124,0
251,326,124,0
251,46,180,1
251,102,180,0
251,158,180,0
251,46,236,0
251,102,236,0
252,46,68,0
252,102,68,0
252,158,68,0
252,214,68,0
252,270,68,0
252,326,68,0
252,382,68,0
252,46,124,1
252,102,124,0
252,158,124,0
252,214,124,0
252,270,124,0
252,326,124,0
252,382,124,0
252,46,180,1
252,102,180,0
252,158,180,0
252,214,180,0
252,46,236,0
252,102,236,0
253,102,68,0
253,158,68,0
253,214,68,0
253,270,68,0
253,326,68,0
253,46,124,1
253,102,124,0
253,158,124,0
253,214,124,0
253,270,124,0
253,326,124,0
253,46,180,1
253,102,180,0
253,158,180,0
253,214,180,0
253,46,236,0
253,102,236,0
254,46,68,0
254,102,68,0
254,158,68,0
254,214,68,0
254,270,68,0
254,326,68,0
254,46,124,1
254,102,124,0
254,158,124,0
254,214,124,0
254,270,124,0
254,326,124,0
254,46,180,1
254,102,180,0
254,158,180,0
254,214,180,0
254,46,236,0
254,102,236,0
255,46,68,0
255,102,68,0
255,158,68,0
255,214,68,0
255,270,68,0
255,326,68,0
255,46,124,1
255,102,124,0
255,158,124,0
255,214,124,0
255,270,124,0
255,326,124,0
255,46,180,1
255,102,180,0
255,158,180,0
255,214,180,0
255,46,236,0
255,102,236,0
255,158,236,0
256,102,68,0
256,158,68,0
256,270,68,0
256,326,68,0
256,46,124,1
256,102,124,0
256,158,124,0
256,214,124,0
256,270,124,0
256,326,124,0
256,46,180,1
256,102,180,0
256,158,180,0
256,214,180,0
256,46,236,0
256,102,236,0
256,158,236,0
257,46,68,0
257,102,68,0
257,158,68,0
257,214,68,0
257,270,68,0
257,326,68,0
257,382,68,0
257,46,124,1
257,102,124,0
257,158,124,0
257,214,124,0
257,270,124,0
257,326,124,0
257,382,124,0
257,46,180,1
257,102,180,0
257,158,180,0
257,214,180,0
257,46,236,0
257,102,236,0
257,158,236,0
258,46,68,0
258,102,68,0
258,158,68,0
258,214,68,0
258,270,68,0
258,326,68,0
258,382,68,0
258,46,124,1
258,102,124,0
258,158,124,0
258,214,124,0
258,270,124,0
258,326,124,0
258,382,124,0
258,46,180,1
258,102,180,0
258,158,180,0
258,214,180,0
258,46,236,0
258,102,236,0
258,158,236,0
259,46,68,0
259,102,68,0
259,158,68,0
259,214,68,0
259,270,68,0
259,326,68,0
259,382,68,0
259,46,124,1
259,102,124,0
259,158,124,0
259,214,124,0
259,270,124,0
259,326,124,0
259,382,124,0
259,46,180,1
259,102,180,0
259,158,180,0
259,214,180,0
259,46,236,0
259,102,236,0
259,158,236,0
260,46,68,0
260,102,68,0
260,158,68,0
260,214,68,0
260,270,68,0
260,326,68,0
260,382,68,0
260,46,124,1
260,102,124,0
260,158,124,0
260,214,124,0
260,270,124,0
260,326,124,0
260,382,124,0
260,46,180,1
260,102,180,0
260,158,180,0
260,214,180,0
260,46,236,0
260,102,236,0
260,158,236,0
261,46,68,0
261,102,68,0
261,158,68,0
261,214,68,0
261,270,68,0
261,326,68,0
261,382,68,0
261,46,124,0
261,102,124,0
261,158,124,0
261,214,124,0
261,270,124,0
261,326,124,0
261,382,124,0
261,46,180,1
261,102,180,0
261,158,180,0
261,214,180,0
261,46,236,0
261,102,236,0
261,158,236,0
262,102,68,0
262,158,68,0
262,214,68,0
262,270,68,0
262,326,68,0
262,382,68,0
262,46,124,1
262,102,124,0
262,158,124,0
262,214,124,0
262,270,124,0
262,326,124,0
262,382,124,0
262,46,180,1
262,102,180,0
262,158,180,0
262,214,180,0
262,46,236,0
262,102,236,0
262,158,236,0
263,102,68,0
263,158,68,0
263,214,68,0
263,270,68,0
263,326,68,1
263,382,68,0
263,46,124,0
263,102,124,0
263,158,124,0
263,214,124,0
263,270,124,0
263,326,124,1
263,382,124,0
263,46,180,1
263,102,180,0
263,158,180,0
263,214,180,0
263,46,236,0
263,102,236,0
263,158,236,0
264,46,68,0
264,102,68,0
264,158,68,0
264,214,68,0
264,270,68,0
264,326,68,1
264,382,68,1
264,46,124,0
264,102,124,0
264,158,124,0
264,214,124,0
264,270,124,0
264,326,124,1
264,382,124,0
264,46,180,0
264,102,180,0
264,158,180,0
264,214,180,0
264,46,236,0
264,102,236,0
264,158,236,0
265,46,68,0
265,102,68,0
265,158,68,0
265,214,68,0
265,270,68,0
265,326,68,1
265,382,68,0
265,46,124,0
265,102,124,0
265,158,124,0
265,214,124,0
265,270,124,0
265,326,124,1
265,382,124,0
265,46,180,1
265,102,180,0
265,158,180,0
265,214,180,0
265,46,236,0
265,102,236,0
265,158,236,0
266,46,68,0
266,102,68,0
266,158,68,0
266,214,68,0
266,270,68,0
266,326,68,1
266,382,68,1
266,46,124,0
266,102,124,0
266,158,124,0
266,214,124,0
266,270,124,0
266,326,124,1
266,382,124,0
266,46,180,0
266,102,180,0
266,158,180,0
266,214,180,0
266,46,236,0
266,102,236,0
266,158,236,0
267,46,68,0
267,102,68,0
267,158,68,0
267,214,68,0
267,270,68,0
267,326,68,1
267,382,68,1
267,46,124,0
267,102,124,0
267,158,124,0
267,214,124,0
267,270,124,0
267,326,124,1
267,382,124,0
267,46,180,1
267,102,180,0
267,158,180,0
267,214,180,0
267,46,236,0
267,102,236,0
267,158,236,0
268,46,68,0
268,102,68,0
268,158,68,0
268,214,68,0
268,326,68,1
268,382,68,1
268,46,124,0
268,102,124,0
268,158,124,0
268,214,124,0
268,326,124,1
268,382,124,0
268,46,180,1
268,102,180,0
268,158,180,0
268,214,180,0
268,46,236,0
268,102,236,0
268,158,236,0
269,46,68,0
269,102,68,0
269,158,68,0
269,214,68,0
269,270,68,0
269,326,68,1
269,382,68,1
269,46,124,0
269,102,124,0
269,158,124,0
269,214,124,0
269,270,124,0
269,326,124,1
269,382,124,0
269,46,180,1
269,102,180,0
269,158,180,0
269,214,180,0
269,46,236,0
269,102,236,0
269,158,236,0
269,214,236,0
270,46,68,0
270,102,68,0
270,158,68,0
270,214,68,0
270,270,68,0
270,326,68,1
270,382,68,1
270,46,124,0
270,102,124,0
270,158,124,0
270,214,124,0
270,270,124,0
270,326,124,1
270,382,124,0
270,46,180,1
270,102,180,0
270,158,180,0
270,214,180,0
270,46,236,0
270,102,236,0
270,158,236,0
270,214,236,0
271,46,68,0
271,102,68,0
271,158,68,0
271,214,68,0
271,326,68,1
271,382,68,1
271,46,124,0
271,102,124,0
271,158,124,0
271,214,124,0
271,326,124,1
271,382,124,0
271,46,180,1
271,102,180,0
271,158,180,0
271,214,180,0
271,46,236,0
271,102,236,0
271,158,236,0
271,214,236,0
272,46,68,0
272,102,68,0
272,158,68,0
272,214,68,0
272,270,68,0
272,326,68,1
272,382,68,1
272,46,124,0
272,102,124,0
272,158,124,0
272,214,124,0
272,270,124,0
272,326,124,1
272,382,124,0
272,46,180,0
272,102,180,0
272,158,180,0
272,214,180,0
272,46,236,0
272,102,236,0
272,158,236,0
272,214,236,0
273,46,68,0
273,102,68,0
273,158,68,0
273,214,68,0
273,270,68,0
273,326,68,1
273,382,68,1
273,46,124,0
273,102,124,0
273,158,124,0
273,214,124,0
273,270,124,0
273,326,124,1
273,382,124,0
273,46,180,0
273,102,180,0
273,158,180,0
273,214,180,0
273,46,236,0
273,102,236,0
273,158,236,0
273,214,236,0
274,46,68,0
274,102,68,0
274,158,68,0
274,214,68,0
274,326,68,1
274,382,68,1
274,46,124,0
274,102,124,0
274,158,124,0
274,214,124,0
274,326,124,1
274,382,124,0
274,46,180,0
274,102,180,0
274,158,180,0
274,214,180,0
274,46,236,0
274,102,236,0
274,158,236,0
274,214,236,0
275,46,68,0
275,102,68,0
275,158,68,0
275,214,68,0
275,270,68,0
275,326,68,1
275,382,68,1
275,46,124,0
275,102,124,0
275,158,124,0
275,214,124,0
275,270,124,0
275,326,124,1
275,382,124,1
275,46,180,1
275,102,180,0
275,158,180,0
275,214,180,0
275,46,236,0
275,102,236,0
275,158,236,0
275,214,236,0
276,46,68,0
276,102,68,0
276,158,68,0
276,214,68,0
276,270,68,0
276,326,68,1
276,382,68,1
276,46,124,0
276,102,124,0
276,158,124,0
276,214,124,0
276,270,124,0
276,326,124,1
276,382,124,0
276,46,180,0
276,102,180,0
276,158,180,0
276,214,180,0
276,46,236,0
276,102,236,0
276,158,236,0
276,214,236,0
277,46,68,0
277,102,68,0
277,158,68,0
277,214,68,0
277,270,68,0
277,326,68,1
277,382,68,1
277,46,124,0
277,102,124,0
277,158,124,0
277,214,124,0
277,270,124,0
277,326,124,1
277,382,124,0
277,46,180,0
277,102,180,0
277,158,180,0
277,214,180,0
277,46,236,0
277,102,236,0
277,158,236,0
277,214,236,0
278,46,68,0
278,102,68,0
278,158,68,0
278,214,68,0
278,270,68,0
278,326,68,1
278,382,68,1
278,46,124,0
278,102,124,0
278,158,124,0
278,214,124,0
278,270,124,0
278,326,124,1
278,382,124,0
278,46,180,0
278,102,180,0
278,158,180,0
278,214,180,0
278,46,236,0
278,102,236,0
278,158,236,0
278,214,236,0
279,46,68,0
279,102,68,0
279,158,68,0
279,214,68,0
279,270,68,0
279,326,68,1
279,382,68,1
279,46,124,0
279,102,124,0
279,158,124,0
279,214,124,0
279,270,124,0
279,326,124,0
279,382,124,0
279,46,180,1
279,102,180,0
279,158,180,0
279,214,180,0
279,46,236,0
279,102,236,0
279,158,236,0
279,214,236,0
280,46,68,0
280,102,68,0
280,158,68,0
280,214,68,0
280,270,68,0
280,326,68,1
280,382,68,1
280,46,124,0
280,102,124,0
280,158,124,1
280,214,124,0
280,270,124,0
280,326,124,0
280,382,124,0
280,46,180,1
280,102,180,0
280,158,180,0
280,214,180,0
280,46,236,0
280,102,236,0
280,158,236,0
280,214,236,0
281,46,68,0
281,102,68,0
281,158,68,0
281,214,68,0
281,270,68,0
281,326,68,1
281,382,68,1
281,46,124,0
281,102,124,0
281,158,124,1
281,214,124,0
281,270,124,0
281,326,124,0
281,382,124,0
281,46,180,0
281,102,180,0
281,158,180,0
281,214,180,0
281,46,236,0
281,102,236,0
281,158,236,0
281,214,236,0
282,46,68,0
282,102,68,0
282,158,68,0
282,214,68,0
282,270,68,0
282,326,68,1
282,382,68,1
282,46,124,0
282,102,124,0
282,158,124,1
282,214,124,0
282,270,124,0
282,326,124,0
282,382,124,0
282,46,180,0
282,102,180,0
282,158,180,0
282,214,180,0
282,46,236,0
282,102,236,0
282,158,236,0
282,214,236,0
283,46,68,0
283,158,68,0
283,214,68,0
283,270,68,0
283,326,68,1
283,382,68,1
283,46,124,0
283,102,124,0
283,158,124,1
283,214,124,0
283,270,124,0
283,326,124,0
283,382,124,0
283,46,180,0
283,102,180,0
283,158,180,0
283,214,180,0
283,46,236,0
283,102,236,0
283,158,236,0
283,214,236,0
284,46,68,0
284,102,68,0
284,158,68,0
284,214,68,0
284,270,68,0
284,326,68,1
284,382,68,1
284,46,124,0
284,102,124,0
284,158,124,1
284,214,124,0
284,270,124,0
284,326,124,0
284,382,124,0
284,46,180,0
284,102,180,0
284,158,180,0
284,214,180,0
284,46,236,0
284,102,236,0
284,158,236,0
284,214,236,0
285,46,68,0
285,102,68,0
285,158,68,0
285,214,68,0
285,270,68,0
285,326,68,1
285,382,68,1
285,46,124,0
285,102,124,0
285,158,124,1
285,214,124,0
285,270,124,0
285,326,124,0
285,382,124,0
285,46,180,0
285,102,180,0
285,158,180,0
285,214,180,0
285,46,236,0
285,102,236,0
285,158,236,0
285,214,236,0
286,46,68,0
286,102,68,0
286,158,68,0
286,214,68,0
286,270,68,0
286,326,68,1
286,382,68,1
286,46,124,0
286,102,124,0
286,158,124,1
286,214,124,0
286,270,124,0
286,326,124,0
286,382,124,0
286,46,180,0
286,102,180,0
286,158,180,0
286,214,180,0
286,46,236,0
286,102,236,0
286,158,236,0
286,214,236,0
287,46,68,0
287,102,68,0
287,158,68,0
287,214,68,0
287,270,68,0
287,326,68,1
287,382,68,1
287,46,124,0
287,102,124,0
287,158,124,1
287,214,124,0
287,270,124,0
287,326,124,0
287,382,124,0
287,46,180,0
287,102,180,0
287,158,180,0
287,214,180,0
287,46,236,0
287,102,236,0
287,158,236,0
287,214,236,0
288,46,68,0
288,102,68,0
288,158,68,0
288,214,68,0
288,270,68,0
288,326,68,1
288,382,68,1
288,46,124,0
288,102,124,0
288,158,124,1
288,214,124,0
288,270,124,0
288,326,124,0
288,382,124,0
288,46,180,0
288,102,180,0
288,158,180,0
288,214,180,0
288,46,236,0
288,102,236,0
288,158,236,0
288,214,236,0
289,46,68,0
289,102,68,0
289,158,68,0
289,214,68,0
289,270,68,0
289,326,68,1
289,382,68,1
289,46,124,0
289,102,124,0
289,158,124,1
289,214,124,0
289,270,124,0
289,326,124,0
289,382,124,0
289,46,180,0
289,102,180,0
289,158,180,0
289,214,180,0
289,46,236,0
289,102,236,0
289,158,236,0
289,214,236,0
290,46,68,0
290,102,68,0
290,158,68,0
290,214,68,0
290,270,68,0
290,326,68,1
290,382,68,1
290,46,124,0
290,102,124,0
290,158,124,1
290,214,124,0
290,270,124,0
290,326,124,0
290,382,124,0
290,46,180,0
290,102,180,0
290,158,180,0
290,214,180,0
290,270,180,0
290,46,236,0
290,102,236,0
290,158,236,0
290,214,236,0
291,46,68,0
291,102,68,0
291,158,68,0
291,214,68,0
291,270,68,0
291,326,68,1
291,382,68,1
291,46,124,0
291,102,124,0
291,158,124,1
291,214,124,0
291,270,124,0
291,326,124,0
291,382,124,0
291,46,180,0
291,102,180,0
291,158,180,0
291,214,180,0
291,270,180,0
291,46,236,0
291,102,236,0
291,158,236,0
291,214,236,0
292,46,68,0
292,102,68,0
292,158,68,0
292,214,68,0
292,270,68,0
292,326,68,1
292,382,68,1
292,46,124,1
292,102,124,0
292,158,124,1
292,214,124,1
292,270,124,0
292,326,124,0
292,382,124,0
292,46,180,0
292,102,180,0
292,158,180,0
292,214,180,0
292,270,180,0
292,46,236,0
292,102,236,0
292,158,236,0
292,214,236,0
293,46,68,0
293,102,68,0
293,158,68,0
293,214,68,0
293,270,68,0
293,326,68,1
293,382,68,1
293,46,124,0
293,102,124,0
293,158,124,1
293,214,124,0
293,270,124,0
293,326,124,0
293,382,124,0
293,46,180,0
293,102,180,0
293,158,180,0
293,214,180,0
293,270,180,0
293,46,236,0
293,102,236,0
293,158,236,0
293,214,236,0
294,46,68,0
294,102,68,0
294,158,68,0
294,214,68,0
294,270,68,1
294,326,68,1
294,382,68,1
294,46,124,1
294,102,124,0
294,158,124,1
294,214,124,0
294,270,124,0
294,326,124,0
294,382,124,0
294,46,180,0
294,102,180,0
294,158,180,0
294,214,180,0
294,270,180,0
294,46,236,0
294,102,236,0
294,158,236,0
294,214,236,0
295,102,68,0
295,158,68,0
295,214,68,0
295,270,68,1
295,326,68,1
295,382,68,1
295,102,124,0
295,158,124,1
295,214,124,0
295,270,124,0
295,326,124,0
295,382,124,0
295,102,180,0
295,158,180,1
295,214,180,0
295,270,180,0
295,102,236,0
295,158,236,0
295,214,236,0
296,46,68,0
296,102,68,0
296,158,68,0
296,214,68,0
296,270,68,1
296,326,68,1
296,382,68,1
296,46,124,1
296,102,124,1
296,158,124,1
296,214,124,0
296,270,124,1
296,326,124,0
296,382,124,0
296,102,180,0
296,158,180,1
296,214,180,0
296,270,180,0
296,102,236,0
296,158,236,0
296,214,236,0
297,46,68,0
297,102,68,0
297,158,68,0
297,214,68,0
297,270,68,1
297,326,68,1
297,382,68,1
297,46,124,0
297,102,124,0
297,158,124,1
297,214,124,0
297,270,124,0
297,326,124,0
297,382,124,0
297,102,180,0
297,158,180,0
297,214,180,0
297,270,180,0
297,102,236,0
297,158,236,0
297,214,236,0
298,46,68,0
298,102,68,0
298,158,68,0
298,214,68,0
298,270,68,1
298,326,68,1
298,382,68,1
298,46,124,1
298,102,124,0
298,158,124,1
298,214,124,1
298,270,124,0
298,326,124,0
298,382,124,0
298,102,180,0
298,158,180,1
298,214,180,0
298,270,180,0
298,102,236,0
298,158,236,0
298,214,236,0
299,46,68,0
299,102,68,0
299,158,68,0
299,214,68,0
299,270,68,1
299,326,68,1
299,382,68,1
299,46,124,1
299,102,124,0
299,158,124,1
299,214,124,1
299,270,124,0
299,326,124,0
299,382,124,0
299,102,180,0
299,158,180,0
299,214,180,0
299,270,180,0
299,102,236,0
299,158,236,0
299,214,236,0
300,46,68,0
300,158,68,0
300,214,68,0
300,270,68,1
300,326,68,1
300,382,68,1
300,46,124,1
300,102,124,0
300,158,124,1
300,214,124,1
300,270,124,1
300,326,124,1
300,382,124,0
300,102,180,0
300,158,180,0
300,214,180,0
300,270,180,0
300,102,236,0
300,158,236,0
300,214,236,0
301,46,68,0
301,158,68,0
301,214,68,0
301,270,68,1
301,326,68,1
301,382,68,1
301,46,124,1
301,102,124,0
301,158,124,1
301,214,124,1
301,270,124,1
301,326,124,1
301,382,124,0
301,102,180,0
301,158,180,0
301,214,180,0
301,270,180,0
301,102,236,0
301,158,236,0
301,214,236,0
302,46,68,0
302,158,68,0
302,214,68,0
302,270,68,1
302,326,68,1
302,382,68,1
302,46,124,1
302,102,124,0
302,158,124,1
302,214,124,1
302,270,124,1
302,326,124,0
302,382,124,0
302,102,180,0
302,158,180,0
302,214,180,0
302,270,180,0
302,102,236,0
302,158,236,0
302,214,236,0
303,46,68,0
303,158,68,0
303,214,68,0
303,270,68,1
303,326,68,1
303,382,68,1
303,46,124,1
303,102,124,0
303,158,124,1
303,214,124,1
303,270,124,0
303,326,124,0
303,382,124,0
303,102,180,0
303,158,180,0
303,214,180,0
303,270,180,0
303,102,236,0
303,158,236,0
303,214,236,0
304,158,68,0
304,214,68,0
304,270,68,1
304,326,68,0
304,382,68,1
304,102,124,0
304,158,124,1
304,214,124,1
304,270,124,1
304,326,124,0
304,382,124,0
304,102,180,0
304,158,180,0
304,214,180,0
304,270,180,0
304,102,236,0
304,158,236,0
304,214,236,0
305,46,68,0
305,158,68,0
305,214,68,0
305,270,68,1
305,326,68,1
305,382,68,1
305,46,124,1
305,102,124,0
305,158,124,1
305,214,124,1
305,270,124,1
305,326,124,0
305,382,124,0
305,102,180,0
305,158,180,0
305,214,180,0
305,270,180,0
305,102,236,0
305,158,236,0
305,214,236,0
306,158,68,0
306,214,68,0
306,270,68,1
306,326,68,1
306,102,124,0
306,158,124,0
306,214,124,1
306,270,124,1
306,326,124,0
306,102,180,0
306,158,180,0
306,214,180,0
306,270,180,0
306,102,236,0
306,158,236,0
306,214,236,0
307,158,68,0
307,214,68,0
307,270,68,1
307,326,68,1
307,102,124,0
307,158,124,0
307,214,124,1
307,270,124,1
307,326,124,1
307,102,180,0
307,158,180,0
307,214,180,0
307,270,180,0
307,102,236,0
307,158,236,0
307,214,236,0
308,158,68,0
308,214,68,0
308,270,68,1
308,326,68,1
308,102,124,0
308,158,124,0
308,214,124,1
308,270,124,1
308,326,124,0
308,102,180,0
308,158,180,0
308,214,180,0
308,270,180,0
308,102,236,0
308,158,236,0
308,214,236,0
309,46,68,0
309,158,68,0
309,214,68,0
309,270,68,1
309,326,68,1
309,46,124,1
309,102,124,0
309,158,124,0
309,214,124,1
309,270,124,1
309,326,124,1
309,102,180,0
309,158,180,0
309,214,180,0
309,270,180,0
309,102,236,0
309,158,236,0
309,214,236,0
310,46,68,0
310,158,68,0
310,214,68,0
310,270,68,1
310,326,68,1
310,46,124,1
310,102,124,0
310,158,124,0
310,214,124,1
310,270,124,1
310,326,124,0
310,102,180,0
310,158,180,0
310,214,180,0
310,270,180,0
310,102,236,0
310,158,236,0
310,214,236,0
311,46,68,0
311,158,68,0
311,214,68,0
311,270,68,1
311,326,68,1
311,382,68,1
311,46,124,1
311,102,124,0
311,158,124,0
311,214,124,1
311,270,124,1
311,326,124,1
311,382,124,0
311,102,180,0
311,158,180,0
311,214,180,1
311,270,180,0
311,102,236,0
311,158,236,0
311,214,236,0
312,46,68,0
312,158,68,0
312,214,68,0
312,270,68,1
312,326,68,1
312,382,68,1
312,46,124,1
312,102,124,0
312,158,124,0
312,214,124,1
312,270,124,1
312,326,124,1
312,382,124,0
312,102,180,0
312,158,180,0
312,214,180,1
312,270,180,0
312,102,236,0
312,158,236,0
312,214,236,0
313,158,68,0
313,214,68,1
313,270,68,1
313,326,68,1
313,382,68,1
313,102,124,0
313,158,124,0
313,214,124,1
313,270,124,1
313,326,124,1
313,382,124,0
313,102,180,0
313,158,180,0
313,214,180,1
313,270,180,0
313,102,236,0
313,158,236,0
313,214,236,0
314,46,68,0
314,158,68,0
314,214,68,0
314,270,68,1
314,326,68,1
314,382,68,1
314,46,124,1
314,102,124,0
314,158,124,0
314,214,124,1
314,270,124,1
314,326,124,1
314,382,124,0
314,102,180,0
314,158,180,0
314,214,180,1
314,270,180,0
314,102,236,0
314,158,236,0
314,214,236,0
315,46,68,0
315,158,68,0
315,214,68,0
315,270,68,1
315,326,68,1
315,382,68,1
315,46,124,1
315,102,124,0
315,158,124,0
315,214,124,1
315,270,124,1
315,326,124,1
315,382,124,0
315,102,180,0
315,158,180,0
315,214,180,1
315,270,180,0
315,102,236,0
315,158,236,0
315,214,236,0
316,158,68,0
316,214,68,1
316,270,68,1
316,326,68,1
316,382,68,1
316,102,124,0
316,158,124,0
316,214,124,1
316,270,124,1
316,326,124,1
316,382,124,0
316,102,180,0
316,158,180,0
316,214,180,1
316,270,180,0
316,158,236,0
316,214,236,0
317,46,68,0
317,158,68,0
317,214,68,1
317,270,68,1
317,326,68,1
317,382,68,1
317,46,124,1
317,102,124,0
317,158,124,1
317,214,124,1
317,270,124,1
317,326,124,0
317,382,124,0
317,102,180,0
317,158,180,0
317,214,180,1
317,270,180,0
317,158,236,0
317,214,236,0
318,46,68,0
318,158,68,0
318,214,68,1
318,270,68,1
318,326,68,1
318,382,68,1
318,46,124,1
318,102,124,0
318,158,124,1
318,214,124,1
318,270,124,1
318,326,124,0
318,382,124,0
318,102,180,0
318,158,180,0
318,214,180,1
318,270,180,0
318,158,236,0
318,214,236,0
319,46,68,0
319,158,68,0
319,214,68,1
319,270,68,1
319,326,68,1
319,382,68,1
319,46,124,1
319,102,124,0
319,158,124,1
319,214,124,1
319,270,124,1
319,326,124,1
319,382,124,0
319,102,180,0
319,158,180,0
319,214,180,1
319,270,180,0
320,46,68,0
320,158,68,0
320,214,68,1
320,270,68,1
320,326,68,1
320,382,68,1
320,46,124,1
320,102,124,0
320,158,124,1
320,214,124,1
320,270,124,1
320,326,124,1
320,382,124,0
320,102,180,0
320,158,180,0
320,214,180,1
320,270,180,0
320,158,236,0
320,214,236,0
321,158,68,0
321,214,68,1
321,270,68,1
321,326,68,1
321,382,68,1
321,158,124,1
321,214,124,1
321,270,124,1
321,326,124,1
321,382,124,0
321,158,180,0
321,214,180,1
321,270,180,0
322,158,68,0
322,214,68,1
322,326,68,1
322,382,68,1
322,158,124,1
322,214,124,1
322,270,124,1
322,326,124,1
322,382,124,0
322,158,180,0
322,214,180,1
322,270,180,0
323,158,68,0
323,214,68,1
323,326,68,1
323,382,68,1
323,158,124,1
323,214,124,1
323,270,124,1
323,326,124,1
323,382,124,0
323,158,180,0
323,214,180,1
323,270,180,0
324,158,68,0
324,214,68,1
324,326,68,1
324,382,68,1
324,158,124,1
324,214,124,1
324,270,124,1
324,326,124,1
324,382,124,0
324,158,180,0
324,214,180,1
324,270,180,0
325,158,68,0
325,214,68,1
325,326,68,1
325,382,68,1
325,158,124,1
325,214,124,1
325,270,124,1
325,326,124,1
325,382,124,0
325,158,180,0
325,214,180,1
325,270,180,0
326,102,68,0
326,158,68,0
326,214,68,1
326,270,68,1
326,326,68,1
326,382,68,1
326,102,124,0
326,158,124,1
326,214,124,1
326,270,124,1
326,326,124,1
326,382,124,0
326,158,180,0
326,214,180,1
326,270,180,0
327,102,68,0
327,158,68,0
327,214,68,1
327,270,68,1
327,326,68,1
327,382,68,1
327,102,124,0
327,158,124,1
327,214,124,1
327,270,124,1
327,326,124,1
327,382,124,0
327,158,180,0
327,214,180,1
327,270,180,0
328,102,68,0
328,158,68,0
328,326,68,1
328,382,68,1
328,102,124,0
328,158,124,1
328,214,124,1
328,326,124,1
328,382,124,0
328,158,180,0
328,214,180,1
329,158,68,0
329,214,68,1
329,326,68,1
329,382,68,1
329,158,124,0
329,214,124,1
329,270,124,1
329,326,124,1
329,382,124,0
329,158,180,0
329,214,180,1
329,270,180,0
330,158,68,0
330,214,68,0
330,326,68,1
330,382,68,1
330,158,124,0
330,214,124,1
330,270,124,1
330,326,124,1
330,382,124,0
330,158,180,0
330,214,180,1
330,270,180,0
331,382,68,1
331,158,124,0
331,214,124,1
331,382,124,0
331,158,180,0
331,214,180,1
332,158,68,0
332,214,68,0
332,326,68,1
332,382,68,1
332,158,124,0
332,214,124,1
332,270,124,1
332,326,124,1
332,382,124,0
332,158,180,0
332,214,180,1
332,270,180,0
333,158,68,0
333,214,68,0
333,270,68,1
333,326,68,1
333,382,68,1
333,158,124,0
333,214,124,1
333,270,124,1
333,326,124,1
333,382,124,0
333,158,180,0
333,214,180,1
333,270,180,0
334,382,68,1
334,158,124,0
334,214,124,1
334,382,124,0
334,158,180,0
334,214,180,1
335,46,68,0
335,158,68,0
335,214,68,0
335,270,68,1
335,326,68,1
335,382,68,1
335,46,124,1
335,158,124,0
335,214,124,1
335,270,124,1
335,326,124,1
335,382,124,0
335,158,180,0
335,214,180,1
335,270,180,0
336,270,68,1
336,326,68,1
336,382,68,1
336,158,124,0
336,214,124,1
336,270,124,1
336,326,124,1
336,382,124,0
336,158,180,0
336,214,180,1
336,270,180,0
337,270,68,1
337,326,68,1
337,382,68,1
337,270,124,1
337,326,124,1
337,382,124,0
338,102,68,0
338,158,68,0
338,270,68,1
338,326,68,1
338,382,68,1
338,102,124,0
338,158,124,0
338,214,124,1
338,270,124,1
338,326,124,1
338,382,124,0
338,158,180,0
338,214,180,1
338,270,180,0
339,158,68,0
339,214,68,0
339,270,68,1
339,326,68,1
339,382,68,1
339,158,124,0
339,214,124,0
339,270,124,1
339,326,124,1
339,382,124,0
339,158,180,0
339,214,180,1
339,270,180,0
340,270,68,1
340,326,68,1
340,382,68,1
340,270,124,1
340,326,124,1
340,382,124,0
341,270,68,1
341,326,68,1
341,382,68,1
341,158,124,0
341,214,124,0
341,270,124,1
341,326,124,1
341,382,124,0
341,158,180,0
341,214,180,0
342,270,68,1
342,326,68,1
342,382,68,1
342,158,124,0
342,214,124,0
342,270,124,1
342,326,124,1
342,382,124,0
342,158,180,0
342,214,180,0
343,326,68,1
343,382,68,1
343,326,124,1
343,382,124,0
344,270,68,1
344,326,68,1
344,382,68,1
344,158,124,0
344,214,124,0
344,270,124,1
344,326,124,1
344,382,124,0
344,158,180,0
344,214,180,0
344,270,180,0
345,270,68,1
345,326,68,1
345,382,68,1
345,158,124,0
345,214,124,0
345,270,124,1
345,326,124,1
345,382,124,0
345,158,180,0
345,214,180,0
346,270,68,1
346,326,68,1
346,382,68,1
346,270,124,1
346,326,124,1
346,382,124,0
347,270,68,1
347,326,68,1
347,382,68,1
347,158,124,0
347,214,124,0
347,270,124,1
347,326,124,1
347,382,124,0
347,158,180,0
347,214,180,0
348,270,68,1
348,326,68,1
348,382,68,1
348,158,124,0
348,214,124,0
348,270,124,1
348,326,124,1
348,382,124,0
348,158,180,0
348,214,180,0
